{"cameraMode":{"drawMode":0,"name":"Shaded","section":"Shading Mode"},"sceneLighting":true,"audioPlay":false,"sceneViewState":{"m_AlwaysRefresh":false,"showFog":true,"showSkybox":true,"showFlares":true,"showImageEffects":true,"showParticleSystems":true,"showVisualEffectGraphs":true,"m_FxEnabled":true},"in2DMode":false,"pivot":{"x":104.76497650146485,"y":63.87210464477539,"z":-271.287353515625},"rotation":{"x":-0.12832282483577729,"y":0.017843008041381837,"z":0.002313947305083275,"w":0.9916346073150635},"size":19.330463409423829,"orthographic":false}