{"cameraMode":{"drawMode":0,"name":"Shaded","section":"Shading Mode"},"sceneLighting":true,"audioPlay":false,"sceneViewState":{"m_AlwaysRefresh":false,"showFog":true,"showSkybox":true,"showFlares":true,"showImageEffects":true,"showParticleSystems":true,"showVisualEffectGraphs":true,"m_FxEnabled":true},"in2DMode":false,"pivot":{"x":503.6916198730469,"y":315.68499755859377,"z":-497.62841796875},"rotation":{"x":0.08869655430316925,"y":-0.007479046005755663,"z":0.0006610678974539042,"w":0.9960983395576477},"size":23.07859992980957,"orthographic":false}